Vendor Name,Specialization,Past Projects,Link,Contact,Location
TechVision Security,AI-powered surveillance and facial recognition,Deployed AI systems for national borders and prisons,https://techvisionsecurity.com,contact@techvisionsecurity.com | +603-1111 2233,"Kuala Lumpur, Malaysia"
AutoMach Industries,Autonomous industrial machines, robotics,Built robotic arms for electronics packaging line,https://automach-industries.com,info@automach-industries.com | +603-2222 3456,"Selangor, Malaysia"
DeepSight Analytics,AI for anomaly detection, predictive maintenance,Delivered predictive analytics to telco and smart grid operators,https://deepsight.com,hello@deepsight.com | +603-3333 7777,"Penang, Malaysia"
EcoMotive Solutions,Green technology and energy-efficient machinery,Developed solar-powered drones for environmental monitoring,https://ecomotive.com,contact@ecomotive.com | +603-4444 5555,"Johor, Malaysia"
Visionary Robotics,Robotics and automation solutions,Created an automated warehouse system for a leading logistics company,https://visionaryrobotics.com,support@visionaryrobotics.com | +603-5555 6666,"Kuala Lumpur, Malaysia"
SmartGuard Technologies,AI-based cybersecurity and surveillance,Implemented advanced surveillance systems for corporate campuses,https://smartguard.com,info@smartguard.com | +603-6666 7777,"Shah Alam, Malaysia"
MobiTech Innovations,IoT-based smart devices,Deployed smart city sensors for traffic and pollution monitoring,https://mobitechinnovations.com,support@mobitechinnovations.com | +603-7777 8888,"Penang, Malaysia"
ClearPath Automation,Industrial automation,Created an automated packaging system for consumer goods,https://clearpathautomation.com,info@clearpathautomation.com | +603-8888 9999,"Sungai Buloh, Malaysia"
NextGen Robotics,Robotic systems and automation,Developed robotic arms for precision manufacturing in the automotive industry,https://nextgenrobotics.com,support@nextgenrobotics.com | +603-9999 0000,"Petaling Jaya, Malaysia"
InnovativeTech Solutions,AI and machine learning,Developed machine learning models for predictive analytics in healthcare,https://innovativetechsolutions.com,contact@innovativetechsolutions.com | +603-1111 2222,"Kuala Lumpur, Malaysia"

